Employee_Name,EmpID,MarriedID,MaritalStatusID,GenderID,EmpStatusID,DeptID,PerfScoreID,FromDiversityJobFairID,Salary,Termd,PositionID,Position,State,Zip,Sex,MaritalDesc,CitizenDesc,HispanicLatino,RaceDesc,TermReason,EmploymentStatus,Department,ManagerName,ManagerID,RecruitmentSource,PerformanceScore,EngagementSurvey,EmpSatisfaction,SpecialProjectsCount,DaysLateLast30,Absences
"Adinolfi, Wilson  K",10026,0,0,1,1,5,4,0,62506,0,19,Production Technician I,MA,1960,M ,Single,US Citizen,No,White,N/A-StillEmployed,Active,Production       ,Michael Albert,22,LinkedIn,Exceeds,4.6,5,0,0,1
"Ait Sidi, Karthikeyan   ",10084,1,1,1,5,3,3,0,104437,1,27,Sr. DBA,MA,2148,M ,Married,US Citizen,No,White,career change,Voluntarily Terminated,IT/IS,Simon Roup,4,Indeed,Fully Meets,4.96,3,6,0,17
"Akinkuolie, Sarah",10196,1,1,0,5,5,3,0,64955,1,20,Production Technician II,MA,1810,F,Married,US Citizen,No,White,hours,Voluntarily Terminated,Production       ,Kissy Sullivan,20,LinkedIn,Fully Meets,3.02,3,0,0,3
"Alagbe,Trina",10088,1,1,0,1,5,3,0,64991,0,19,Production Technician I,MA,1886,F,Married,US Citizen,No,White,N/A-StillEmployed,Active,Production       ,Elijiah Gray,16,Indeed,Fully Meets,4.84,5,0,0,15
"Anderson, Carol ",10069,0,2,0,5,5,3,0,50825,1,19,Production Technician I,MA,2169,F,Divorced,US Citizen,No,White,return to school,Voluntarily Terminated,Production       ,Webster Butler,39,Google Search,Fully Meets,5,4,0,0,2
"Anderson, Linda  ",10002,0,0,0,1,5,4,0,57568,0,19,Production Technician I,MA,1844,F,Single,US Citizen,No,White,N/A-StillEmployed,Active,Production       ,Amy Dunn,11,LinkedIn,Exceeds,5,5,0,0,15
"Andreola, Colby",10194,0,0,0,1,4,3,0,95660,0,24,Software Engineer,MA,2110,F,Single,US Citizen,No,White,N/A-StillEmployed,Active,Software Engineering,Alex Sweetwater,10,LinkedIn,Fully Meets,3.04,3,4,0,19
"Athwal, Sam",10062,0,4,1,1,5,3,0,59365,0,19,Production Technician I,MA,2199,M ,Widowed,US Citizen,No,White,N/A-StillEmployed,Active,Production       ,Ketsia Liebig,19,Employee Referral,Fully Meets,5,4,0,0,19
"Bachiochi, Linda",10114,0,0,0,3,5,3,1,47837,0,19,Production Technician I,MA,1902,F,Single,US Citizen,No,Black or African American,N/A-StillEmployed,Active,Production       ,Brannon Miller,12,Diversity Job Fair,Fully Meets,4.46,3,0,0,4
"Bacong, Alejandro ",10250,0,2,1,1,3,3,0,50178,0,14,IT Support,MA,1886,M ,Divorced,US Citizen,No,White,N/A-StillEmployed,Active,IT/IS,Peter Monroe,7,Indeed,Fully Meets,5,5,6,0,16
"Baczenski, Rachael  ",10252,1,1,0,5,5,3,1,54670,1,19,Production Technician I,MA,1902,F,Married,US Citizen,Yes,Black or African American,Another position,Voluntarily Terminated,Production       ,David Stanley,14,Diversity Job Fair,Fully Meets,4.2,4,0,0,12
"Barbara, Thomas",10242,1,1,1,5,5,3,1,47211,1,19,Production Technician I,MA,2062,M ,Married,US Citizen,Yes,Black or African American,unhappy,Voluntarily Terminated,Production       ,Kissy Sullivan,20,Diversity Job Fair,Fully Meets,4.2,3,0,0,15
"Barbossa, Hector",10012,0,2,1,1,3,4,1,92328,0,9,Data Analyst,TX,78230,M ,Divorced,US Citizen,No,Black or African American,N/A-StillEmployed,Active,IT/IS,Simon Roup,4,Diversity Job Fair,Exceeds,4.28,4,5,0,9
"Barone, Francesco  A",10265,0,0,1,1,5,3,0,58709,0,19,Production Technician I,MA,1810,M ,Single,US Citizen,No,Two or more races,N/A-StillEmployed,Active,Production       ,Kelley Spirea,18,Google Search,Fully Meets,4.6,4,0,0,7
"Barton, Nader",10066,0,2,1,5,5,3,0,52505,1,19,Production Technician I,MA,2747,M ,Divorced,US Citizen,No,White,Another position,Voluntarily Terminated,Production       ,Michael Albert,22,On-line Web application,Fully Meets,5,5,0,0,1
"Bates, Norman",10061,0,0,1,4,5,3,0,57834,1,19,Production Technician I,MA,2050,M ,Single,US Citizen,No,White,attendance,Terminated for Cause,Production       ,Kelley Spirea,18,Google Search,Fully Meets,5,4,0,0,20
"Beak, Kimberly  ",10023,1,1,0,2,5,4,0,70131,0,20,Production Technician II,MA,2145,F,Married,US Citizen,No,White,N/A-StillEmployed,Active,Production       ,Kelley Spirea,18,Employee Referral,Exceeds,4.4,3,0,0,16
"Beatrice, Courtney ",10055,0,0,0,1,5,3,0,59026,0,19,Production Technician I,MA,1915,F,Single,Eligible NonCitizen,No,White,N/A-StillEmployed,Active,Production       ,Elijiah Gray,16,Google Search,Fully Meets,5,5,0,0,12
"Becker, Renee",10245,0,0,0,4,3,3,0,110000,1,8,Database Administrator,MA,2026,F,Single,US Citizen,Yes,White,performance,Terminated for Cause,IT/IS,Simon Roup,4,Google Search,Fully Meets,4.5,4,5,0,8
"Becker, Scott",10277,0,0,1,3,5,3,0,53250,0,19,Production Technician I,MA,2452,M ,Single,US Citizen,No,Asian,N/A-StillEmployed,Active,Production       ,Webster Butler,,LinkedIn,Fully Meets,4.2,4,0,0,13
"Bernstein, Sean",10046,0,0,1,1,5,3,0,51044,0,19,Production Technician I,MA,2072,M ,Single,US Citizen,Yes,White,N/A-StillEmployed,Active,Production       ,Amy Dunn,11,Google Search,Fully Meets,5,3,0,0,13
"Biden, Lowan  M",10226,0,2,0,1,5,3,0,64919,0,19,Production Technician I,MA,2027,F,Divorced,US Citizen,No,Asian,N/A-StillEmployed,Active,Production       ,Ketsia Liebig,19,Indeed,Fully Meets,4.2,3,0,0,2
"Billis, Helen",10003,1,1,0,1,5,4,0,62910,0,19,Production Technician I,MA,2031,F,Married,US Citizen,No,White,N/A-StillEmployed,Active,Production       ,Brannon Miller,12,Indeed,Exceeds,5,3,0,0,19
"Blount, Dianna",10294,0,0,0,1,5,2,0,66441,0,20,Production Technician II,MA,2171,F,Single,US Citizen,No,White,N/A-StillEmployed,Active,Production       ,Michael Albert,22,CareerBuilder,Needs Improvement,2,3,0,2,3
"Bondwell, Betsy",10267,0,0,0,5,5,3,0,57815,1,20,Production Technician II,MA,2210,F,Single,US Citizen,No,White,career change,Voluntarily Terminated,Production       ,Elijiah Gray,16,Google Search,Fully Meets,4.8,5,0,0,5
"Booth, Frank",10199,0,0,1,4,3,3,0,103613,1,30,Enterprise Architect,CT,6033,M ,Single,US Citizen,No,Black or African American,Learned that he is a gangster,Terminated for Cause,IT/IS,Simon Roup,4,LinkedIn,Fully Meets,3.5,5,7,0,2
"Boutwell, Bonalyn",10081,1,1,0,1,1,3,1,106367,0,26,Sr. Accountant,MA,2468,F,Married,US Citizen,No,Black or African American,N/A-StillEmployed,Active,Admin Offices,Brandon R. LeBlanc,3,Diversity Job Fair,Fully Meets,5,4,3,0,4
"Bozzi, Charles",10175,0,0,1,5,5,3,0,74312,1,18,Production Manager,MA,1901,M ,Single,US Citizen,No,Asian,retiring,Voluntarily Terminated,Production       ,Janet King,2,Indeed,Fully Meets,3.39,3,0,0,14
"Brill, Donna",10177,1,1,0,5,5,3,0,53492,1,19,Production Technician I,MA,1701,F,Married,US Citizen,No,White,Another position,Voluntarily Terminated,Production       ,David Stanley,14,Google Search,Fully Meets,3.35,4,0,0,6
"Brown, Mia",10238,1,1,0,1,1,3,1,63000,0,1,Accountant I,MA,1450,F,Married,US Citizen,No,Black or African American,N/A-StillEmployed,Active,Admin Offices,Brandon R. LeBlanc,1,Diversity Job Fair,Fully Meets,4.5,2,6,0,14
"Buccheri, Joseph  ",10184,0,0,1,1,5,3,0,65288,0,20,Production Technician II,MA,1013,M ,Single,US Citizen,No,White,N/A-StillEmployed,Active,Production       ,Webster Butler,,Google Search,Fully Meets,3.19,3,0,0,9
"Bugali, Josephine ",10203,0,3,0,3,5,3,1,64375,0,19,Production Technician I,MA,2043,F,Separated,US Citizen,No,Black or African American,N/A-StillEmployed,Active,Production       ,Kissy Sullivan,20,Diversity Job Fair,Fully Meets,3.5,5,0,0,17
"Bunbury, Jessica",10188,1,1,0,5,6,3,0,74326,1,3,Area Sales Manager,VA,21851,F,Married,Eligible NonCitizen,No,Black or African American,Another position,Voluntarily Terminated,Sales,John Smith,17,Google Search,Fully Meets,3.14,5,0,1,19
"Burke, Joelle",10107,0,0,0,1,5,3,0,63763,0,20,Production Technician II,MA,2148,F,Single,US Citizen,No,Black or African American,N/A-StillEmployed,Active,Production       ,Amy Dunn,11,Employee Referral,Fully Meets,4.51,4,0,0,3
"Burkett, Benjamin ",10181,1,1,1,1,5,3,0,62162,0,20,Production Technician II,MA,1890,M ,Married,US Citizen,No,White,N/A-StillEmployed,Active,Production       ,Ketsia Liebig,19,Indeed,Fully Meets,3.25,5,0,0,15
"Cady, Max ",10150,0,0,1,1,4,3,0,77692,0,25,Software Engineering Manager,MA,2184,M ,Single,US Citizen,No,White,N/A-StillEmployed,Active,Software Engineering,Jennifer Zamora,5,Google Search,Fully Meets,3.84,3,5,0,4
"Candie, Calvin",10001,0,0,1,1,5,4,0,72640,0,18,Production Manager,MA,2169,M ,Single,US Citizen,No,White,N/A-StillEmployed,Active,Production       ,Janet King,2,Indeed,Exceeds,5,3,0,0,14
"Carabbio, Judith",10085,0,0,0,1,4,3,0,93396,0,24,Software Engineer,MA,2132,F,Single,US Citizen,No,White,N/A-StillEmployed,Active,Software Engineering,Alex Sweetwater,10,Indeed,Fully Meets,4.96,4,6,0,3
"Carey, Michael  ",10115,0,0,1,1,5,3,0,52846,0,19,Production Technician I,MA,1701,M ,Single,US Citizen,No,Black or African American,N/A-StillEmployed,Active,Production       ,Kelley Spirea,18,LinkedIn,Fully Meets,4.43,3,0,0,14
"Carr, Claudia  N",10082,0,0,0,2,3,3,0,100031,0,27,Sr. DBA,MA,1886,F,Single,US Citizen,No,Black or African American,N/A-StillEmployed,Active,IT/IS,Simon Roup,4,LinkedIn,Fully Meets,5,5,6,0,7
"Carter, Michelle ",10040,0,0,0,1,6,3,0,71860,0,3,Area Sales Manager,VT,5664,F,Single,US Citizen,No,White,N/A-StillEmployed,Active,Sales,John Smith,17,Indeed,Fully Meets,5,5,0,0,7
"Chace, Beatrice ",10067,0,0,0,1,5,3,0,61656,0,19,Production Technician I,MA,2763,F,Single,US Citizen,No,White,N/A-StillEmployed,Active,Production       ,Michael Albert,22,Google Search,Fully Meets,5,4,0,0,11
"Champaigne, Brian",10108,1,1,1,1,3,3,0,110929,0,5,BI Director,MA,2045,M ,Married,US Citizen,No,White,N/A-StillEmployed,Active,IT/IS,Jennifer Zamora,5,Indeed,Fully Meets,4.5,5,7,0,8
"Chan, Lin",10210,0,0,0,1,5,3,0,54237,0,19,Production Technician I,MA,2170,F,Single,US Citizen,No,White,N/A-StillEmployed,Active,Production       ,Elijiah Gray,16,Indeed,Fully Meets,3.3,4,0,0,11
"Chang, Donovan  E",10154,0,0,1,1,5,3,0,60380,0,19,Production Technician I,MA,1845,M ,Single,US Citizen,No,White,N/A-StillEmployed,Active,Production       ,Webster Butler,,LinkedIn,Fully Meets,3.8,5,0,0,4
"Chigurh, Anton",10200,0,0,1,1,6,3,0,66808,0,3,Area Sales Manager,TX,78207,M ,Single,Eligible NonCitizen,No,Black or African American,N/A-StillEmployed,Active,Sales,Lynn Daneault,21,Employee Referral,Fully Meets,3,5,0,0,17
"Chivukula, Enola",10240,0,0,0,5,5,3,0,64786,1,19,Production Technician I,MA,1775,F,Single,US Citizen,No,White,relocation out of area,Voluntarily Terminated,Production       ,Amy Dunn,11,Indeed,Fully Meets,4.3,4,0,0,3
"Cierpiszewski, Caroline  ",10168,0,0,0,1,5,3,0,64816,0,19,Production Technician I,MA,2044,F,Single,Non-Citizen,No,Black or African American,N/A-StillEmployed,Active,Production       ,Ketsia Liebig,19,Indeed,Fully Meets,3.58,5,0,0,3
"Clayton, Rick",10220,0,0,1,1,3,3,0,68678,0,14,IT Support,MA,2170,M ,Single,US Citizen,No,White,N/A-StillEmployed,Active,IT/IS,Eric Dougall,6,Indeed,Fully Meets,4.7,3,6,0,2
"Cloninger, Jennifer",10275,1,1,0,5,5,3,0,64066,1,20,Production Technician II,MA,1752,F,Married,US Citizen,No,White,unhappy,Voluntarily Terminated,Production       ,Brannon Miller,12,Google Search,Fully Meets,4.2,5,0,0,9
"Close, Phil",10269,1,1,1,5,5,3,0,59369,1,20,Production Technician II,MA,2169,M ,Married,US Citizen,No,White,career change,Voluntarily Terminated,Production       ,David Stanley,14,Indeed,Fully Meets,4.2,4,0,0,6
"Clukey, Elijian",10029,1,1,1,2,5,4,0,50373,0,19,Production Technician I,MA,2134,M ,Married,US Citizen,No,White,N/A-StillEmployed,Active,Production       ,Brannon Miller,12,Employee Referral,Exceeds,4.1,4,0,0,5
"Cockel, James",10261,0,0,1,1,5,3,0,63108,0,19,Production Technician I,MA,2452,M ,Single,US Citizen,No,White,N/A-StillEmployed,Active,Production       ,David Stanley,14,Employee Referral,Fully Meets,4.4,5,0,0,3
"Cole, Spencer",10292,0,0,1,4,5,2,0,59144,1,19,Production Technician I,MA,1880,M ,Single,US Citizen,No,Black or African American,performance,Terminated for Cause,Production       ,Kissy Sullivan,20,LinkedIn,Needs Improvement,2,3,0,5,16
"Corleone, Michael",10282,0,2,1,1,5,2,0,68051,0,18,Production Manager,MA,1803,M ,Divorced,US Citizen,No,White,N/A-StillEmployed,Active,Production       ,Janet King,2,CareerBuilder,Needs Improvement,4.13,2,0,3,3
"Corleone, Vito",10019,0,0,1,1,5,4,0,170500,0,10,Director of Operations,MA,2030,M ,Single,US Citizen,No,Black or African American,N/A-StillEmployed,Active,Production       ,Janet King,2,Indeed,Exceeds,3.7,5,0,0,15
"Cornett, Lisa ",10094,1,1,0,1,5,3,0,63381,0,19,Production Technician I,MA,2189,F,Married,US Citizen,Yes,White,N/A-StillEmployed,Active,Production       ,Kelley Spirea,18,Indeed,Fully Meets,4.73,5,0,0,6
"Costello, Frank",10193,1,1,1,1,3,3,0,83552,0,9,Data Analyst,MA,1810,M ,Married,US Citizen,No,White,N/A-StillEmployed,Active,IT/IS,Simon Roup,4,Indeed,Fully Meets,3.04,3,6,0,2
"Crimmings,   Jean",10132,0,0,0,2,5,3,0,56149,0,19,Production Technician I,MA,1821,F,Single,US Citizen,No,White,N/A-StillEmployed,Active,Production       ,Michael Albert,22,LinkedIn,Fully Meets,4.12,5,0,0,15
"Cross, Noah",10083,0,0,1,1,3,3,0,92329,0,28,Sr. Network Engineer,CT,6278,M ,Single,US Citizen,No,White,N/A-StillEmployed,Active,IT/IS,Peter Monroe,7,Employee Referral,Fully Meets,5,3,4,0,5
"Daneault, Lynn",10099,0,0,0,1,6,3,0,65729,0,21,Sales Manager,VT,5473,F,Single,US Citizen,No,White,N/A-StillEmployed,Active,Sales,Debra Houlihan,15,Indeed,Fully Meets,4.62,4,0,0,8
"Daniele, Ann  ",10212,1,1,0,3,3,3,0,85028,0,28,Sr. Network Engineer,CT,6033,F,Married,US Citizen,No,White,N/A-StillEmployed,Active,IT/IS,Peter Monroe,7,LinkedIn,Fully Meets,3.1,5,8,0,19
"Darson, Jene'ya ",10056,1,1,0,1,5,3,0,57583,0,19,Production Technician I,MA,2110,F,Married,US Citizen,No,White,N/A-StillEmployed,Active,Production       ,Elijiah Gray,16,Indeed,Fully Meets,5,3,0,0,1
"Davis, Daniel",10143,0,0,1,1,5,3,0,56294,0,20,Production Technician II,MA,2458,M ,Single,Eligible NonCitizen,No,Two or more races,N/A-StillEmployed,Active,Production       ,Kissy Sullivan,20,LinkedIn,Fully Meets,3.96,4,0,0,6
"Dee, Randy",10311,1,1,1,1,6,1,0,56991,0,19,Production Technician I,MA,2138,M ,Married,US Citizen,No,White,N/A-StillEmployed,Active,Production       ,Brannon Miller,12,Indeed,Fully Meets,4.3,4,3,2,2
"DeGweck,  James",10070,1,1,1,5,5,3,0,55722,1,19,Production Technician I,MA,1810,M ,Married,US Citizen,No,White,unhappy,Voluntarily Terminated,Production       ,Webster Butler,39,Indeed,Fully Meets,5,4,0,0,14
"Del Bosque, Keyla",10155,0,0,0,1,4,3,0,101199,0,24,Software Engineer,MA,2176,F,Single,US Citizen,No,Black or African American,N/A-StillEmployed,Active,Software Engineering,Alex Sweetwater,10,CareerBuilder,Fully Meets,3.79,5,5,0,8
"Delarge, Alex",10306,0,0,1,1,6,1,0,61568,0,3,Area Sales Manager,AL,36006,M ,Single,US Citizen,No,Two or more races,N/A-StillEmployed,Active,Sales,John Smith,17,Indeed,PIP,1.93,3,0,6,5
"Demita, Carla",10100,0,3,0,5,5,3,0,58275,1,20,Production Technician II,MA,2343,F,Separated,US Citizen,No,Black or African American,more money,Voluntarily Terminated,Production       ,Kelley Spirea,18,Google Search,Fully Meets,4.62,5,0,0,1
"Desimone, Carl ",10310,1,1,1,1,5,1,0,53189,0,19,Production Technician I,MA,2061,M ,Married,US Citizen,No,White,N/A-StillEmployed,Active,Production       ,Amy Dunn,11,Indeed,PIP,1.12,2,0,4,9
"DeVito, Tommy",10197,0,0,1,1,3,3,0,96820,0,4,BI Developer,MA,2045,M ,Single,US Citizen,No,White,N/A-StillEmployed,Active,IT/IS,Brian Champaigne,13,Indeed,Fully Meets,3.01,5,7,0,15
"Dickinson, Geoff ",10276,0,0,1,1,5,3,0,51259,0,19,Production Technician I,MA,2180,M ,Single,US Citizen,No,White,N/A-StillEmployed,Active,Production       ,Ketsia Liebig,19,Indeed,Fully Meets,4.3,4,0,0,1
"Dietrich, Jenna  ",10304,0,0,0,1,6,1,0,59231,0,3,Area Sales Manager,WA,98052,F,Single,US Citizen,Yes,White,N/A-StillEmployed,Active,Sales,John Smith,17,Website,PIP,2.3,1,0,2,17
"DiNocco, Lily ",10284,1,1,0,1,5,2,0,61584,0,19,Production Technician I,MA,2351,F,Married,US Citizen,No,Black or African American,N/A-StillEmployed,Active,Production       ,Brannon Miller,12,Indeed,Needs Improvement,3.88,4,0,0,6
"Dobrin, Denisa  S",10207,0,0,0,1,5,3,0,46335,0,19,Production Technician I,MA,2125,F,Single,US Citizen,Yes,White,N/A-StillEmployed,Active,Production       ,David Stanley,14,CareerBuilder,Fully Meets,3.4,5,0,0,15
"Dolan, Linda",10133,1,1,0,1,3,3,0,70621,0,14,IT Support,MA,2119,F,Married,US Citizen,No,White,N/A-StillEmployed,Active,IT/IS,Peter Monroe,7,Employee Referral,Fully Meets,4.11,4,6,0,16
"Dougall, Eric",10028,0,0,1,1,3,4,0,138888,0,13,IT Manager - Support,MA,1886,M ,Single,US Citizen,No,Black or African American,N/A-StillEmployed,Active,IT/IS,Jennifer Zamora,5,Indeed,Exceeds,4.3,5,5,0,4
"Driver, Elle",10006,0,0,0,1,6,4,0,74241,0,3,Area Sales Manager,CA,90007,F,Single,US Citizen,No,White,N/A-StillEmployed,Active,Sales,Lynn Daneault,21,Indeed,Exceeds,4.77,5,0,0,14
"Dunn, Amy  ",10105,0,0,0,1,5,3,0,75188,0,18,Production Manager,MA,1731,F,Single,US Citizen,No,White,N/A-StillEmployed,Active,Production       ,Janet King,2,Google Search,Fully Meets,4.52,4,0,0,4
"Dunne, Amy",10211,1,1,0,1,5,3,0,62514,0,19,Production Technician I,MA,1749,F,Married,US Citizen,No,White,N/A-StillEmployed,Active,Production       ,Ketsia Liebig,19,Google Search,Fully Meets,2.9,3,0,0,6
"Eaton, Marianne",10064,1,1,0,5,5,3,0,60070,1,19,Production Technician I,MA,2343,F,Married,US Citizen,No,White,military,Voluntarily Terminated,Production       ,Kissy Sullivan,20,Google Search,Fully Meets,5,3,0,0,7
"Engdahl, Jean",10247,0,0,1,1,5,3,0,48888,0,19,Production Technician I,MA,2026,M ,Single,US Citizen,No,White,N/A-StillEmployed,Active,Production       ,Kelley Spirea,18,LinkedIn,Fully Meets,4.7,5,0,0,8
"England, Rex",10235,1,1,1,1,5,3,0,54285,0,19,Production Technician I,MA,2045,M ,Married,US Citizen,No,White,N/A-StillEmployed,Active,Production       ,Kelley Spirea,18,Employee Referral,Fully Meets,4.2,3,0,0,3
"Erilus, Angela",10299,0,3,0,1,5,1,0,56847,0,20,Production Technician II,MA,2133,F,Separated,US Citizen,No,White,N/A-StillEmployed,Active,Production       ,Michael Albert,22,Indeed,PIP,3,1,0,2,5
"Estremera, Miguel",10280,0,0,1,4,5,2,0,60340,1,19,Production Technician I,MA,2129,M ,Single,US Citizen,No,White,attendance,Terminated for Cause,Production       ,Michael Albert,22,Google Search,Needs Improvement,5,4,0,5,16
"Evensen, April",10296,0,0,0,4,5,2,0,59124,1,19,Production Technician I,MA,2458,F,Single,US Citizen,No,White,"no-call, no-show",Terminated for Cause,Production       ,Elijiah Gray,16,Google Search,Needs Improvement,2.3,3,0,5,19
"Exantus, Susan",10290,1,1,0,4,4,2,0,99280,1,24,Software Engineer,MA,1749,F,Married,US Citizen,No,Black or African American,attendance,Terminated for Cause,Software Engineering,Alex Sweetwater,10,Indeed,Needs Improvement,2.1,5,4,4,19
"Faller, Megan ",10263,1,1,0,1,5,3,0,71776,0,20,Production Technician II,MA,1824,F,Married,US Citizen,No,Black or African American,N/A-StillEmployed,Active,Production       ,Elijiah Gray,16,LinkedIn,Fully Meets,4.4,5,0,0,17
"Fancett, Nicole",10136,0,0,0,1,5,3,0,65902,0,20,Production Technician II,MA,2324,F,Single,US Citizen,No,Black or African American,N/A-StillEmployed,Active,Production       ,Webster Butler,,LinkedIn,Fully Meets,4,4,0,0,7
"Ferguson, Susan",10189,1,1,0,5,5,3,0,57748,1,19,Production Technician I,MA,2176,F,Married,US Citizen,No,White,military,Voluntarily Terminated,Production       ,Webster Butler,39,Google Search,Fully Meets,3.13,3,0,0,16
"Fernandes, Nilson  ",10308,1,1,1,1,5,1,0,64057,0,19,Production Technician I,MA,2132,M ,Married,US Citizen,No,White,N/A-StillEmployed,Active,Production       ,Amy Dunn,11,Indeed,PIP,1.56,5,0,6,15
"Fett, Boba",10309,0,0,1,1,3,1,0,53366,0,15,Network Engineer,MA,2138,M ,Single,US Citizen,No,White,N/A-StillEmployed,Active,IT/IS,Peter Monroe,7,LinkedIn,PIP,1.2,3,6,3,2
"Fidelia,  Libby",10049,1,1,0,1,5,3,0,58530,0,19,Production Technician I,MA,2155,F,Married,US Citizen,No,White,N/A-StillEmployed,Active,Production       ,Brannon Miller,12,Google Search,Fully Meets,5,5,0,0,19
"Fitzpatrick, Michael  J",10093,0,0,1,5,5,3,0,72609,1,20,Production Technician II,MA,2143,M ,Single,US Citizen,Yes,White,hours,Voluntarily Terminated,Production       ,Amy Dunn,11,Google Search,Fully Meets,4.76,5,0,0,20
"Foreman, Tanya",10163,1,1,0,5,5,3,0,55965,1,20,Production Technician II,MA,2170,F,Married,US Citizen,No,White,career change,Voluntarily Terminated,Production       ,Ketsia Liebig,19,Google Search,Fully Meets,3.66,3,0,0,6
"Forrest, Alex",10305,1,1,1,1,6,3,0,70187,1,3,Area Sales Manager,MA,2330,M ,Married,US Citizen,No,White,Fatal attraction,Terminated for Cause,Sales,Lynn Daneault,21,Employee Referral,PIP,2,5,0,4,7
"Foss, Jason",10015,0,0,1,1,3,4,0,178000,0,12,IT Director,MA,1460,M ,Single,US Citizen,No,Black or African American,N/A-StillEmployed,Active,IT/IS,Jennifer Zamora,5,Indeed,Exceeds,5,5,5,0,15
"Foster-Baker, Amy",10080,1,1,0,1,1,3,0,99351,0,26,Sr. Accountant,MA,2050,F,Married,US Citizen,no,White,N/A-StillEmployed,Active,Admin Offices,Board of Directors,9,Other,Fully Meets,5,3,2,0,3
"Fraval, Maruk ",10258,0,0,1,1,6,3,0,67251,0,3,Area Sales Manager,CT,6050,M ,Single,US Citizen,No,Black or African American,N/A-StillEmployed,Active,Sales,Lynn Daneault,21,CareerBuilder,Fully Meets,4.3,3,0,2,7
"Galia, Lisa",10273,0,0,0,1,3,3,0,65707,0,14,IT Support,CT,6040,F,Single,US Citizen,No,White,N/A-StillEmployed,Active,IT/IS,Eric Dougall,6,LinkedIn,Fully Meets,4.7,4,5,0,1
"Garcia, Raul",10111,0,0,1,1,5,3,0,52249,0,19,Production Technician I,MA,1905,M ,Single,US Citizen,Yes,White,N/A-StillEmployed,Active,Production       ,David Stanley,14,Employee Referral,Fully Meets,4.5,3,0,0,5
"Gaul, Barbara",10257,0,0,0,1,5,3,0,53171,0,19,Production Technician I,MA,2121,F,Single,US Citizen,Yes,Black or African American,N/A-StillEmployed,Active,Production       ,Kelley Spirea,18,LinkedIn,Fully Meets,4.2,4,0,0,12
"Gentry, Mildred",10159,1,1,0,1,5,3,0,51337,0,19,Production Technician I,MA,2145,F,Married,US Citizen,No,Black or African American,N/A-StillEmployed,Active,Production       ,Michael Albert,22,LinkedIn,Fully Meets,3.73,3,0,0,19
"Gerke, Melisa",10122,0,2,0,5,5,3,1,51505,1,19,Production Technician I,MA,2330,F,Divorced,US Citizen,No,Black or African American,hours,Voluntarily Terminated,Production       ,Elijiah Gray,16,Diversity Job Fair,Fully Meets,4.24,4,0,0,2
"Gill, Whitney  ",10142,0,4,0,4,6,3,0,59370,1,3,Area Sales Manager,OH,43050,F,Widowed,US Citizen,No,Black or African American,attendance,Terminated for Cause,Sales,John Smith,17,CareerBuilder,Fully Meets,3.97,4,0,0,7
"Gilles, Alex",10283,1,1,1,5,5,2,1,54933,1,19,Production Technician I,MA,2062,M ,Married,US Citizen,No,Black or African American,military,Voluntarily Terminated,Production       ,Webster Butler,39,Diversity Job Fair,Needs Improvement,3.97,4,0,3,15
"Girifalco, Evelyn",10018,0,0,0,1,5,4,0,57815,0,19,Production Technician I,MA,2451,F,Single,US Citizen,Yes,Two or more races,N/A-StillEmployed,Active,Production       ,Amy Dunn,11,Indeed,Exceeds,3.9,4,0,0,3
"Givens, Myriam",10255,0,0,0,1,6,3,0,61555,0,3,Area Sales Manager,IN,46204,F,Single,US Citizen,No,White,N/A-StillEmployed,Active,Sales,Lynn Daneault,21,Indeed,Fully Meets,4.5,5,0,0,20
"Goble, Taisha",10246,0,0,0,4,3,3,0,114800,1,8,Database Administrator,MA,2127,F,Single,US Citizen,No,White,"no-call, no-show",Terminated for Cause,IT/IS,Simon Roup,4,Indeed,Fully Meets,4.6,4,4,0,10
"Goeth, Amon",10228,1,1,1,1,3,3,0,74679,0,14,IT Support,MA,2135,M ,Married,US Citizen,Yes,White,N/A-StillEmployed,Active,IT/IS,Peter Monroe,7,LinkedIn,Fully Meets,4.3,5,7,0,20
"Gold, Shenice  ",10243,0,0,0,1,5,3,0,53018,0,19,Production Technician I,MA,2451,F,Single,US Citizen,Yes,White,N/A-StillEmployed,Active,Production       ,Ketsia Liebig,19,Indeed,Fully Meets,4.3,5,0,0,7
"Gonzalez, Cayo",10031,0,2,1,1,5,4,1,59892,0,19,Production Technician I,MA,2108,M ,Divorced,US Citizen,No,Black or African American,N/A-StillEmployed,Active,Production       ,Brannon Miller,12,Diversity Job Fair,Exceeds,4.5,4,0,0,1
"Gonzalez, Juan",10300,1,1,1,5,5,1,1,68898,1,20,Production Technician II,MA,2128,M ,Married,US Citizen,No,Black or African American,career change,Voluntarily Terminated,Production       ,Brannon Miller,12,Diversity Job Fair,PIP,3,3,0,3,10
"Gonzalez, Maria",10101,0,3,0,1,3,3,0,61242,0,14,IT Support,MA,2472,F,Separated,US Citizen,Yes,White,N/A-StillEmployed,Active,IT/IS,Peter Monroe,7,Employee Referral,Fully Meets,4.61,4,5,0,11
"Good, Susan",10237,1,1,0,3,5,3,0,66825,0,20,Production Technician II,MA,1886,F,Married,US Citizen,No,White,N/A-StillEmployed,Active,Production       ,David Stanley,14,LinkedIn,Fully Meets,4.6,3,0,0,20
"Gordon, David",10051,1,1,1,1,5,3,0,48285,0,19,Production Technician I,MA,2169,M ,Married,US Citizen,No,White,N/A-StillEmployed,Active,Production       ,David Stanley,14,LinkedIn,Fully Meets,5,3,0,0,2
"Gosciminski, Phylicia  ",10218,0,3,0,3,5,3,0,66149,0,20,Production Technician II,MA,1824,F,Separated,US Citizen,No,American Indian or Alaska Native,N/A-StillEmployed,Active,Production       ,Kissy Sullivan,20,Google Search,Fully Meets,4.4,5,0,0,1
"Goyal, Roxana",10256,1,1,0,3,5,3,0,49256,0,19,Production Technician I,MA,1864,F,Married,US Citizen,No,Asian,N/A-StillEmployed,Active,Production       ,Kissy Sullivan,20,LinkedIn,Fully Meets,4.1,5,0,0,3
"Gray, Elijiah  ",10098,0,2,1,1,5,3,0,62957,0,18,Production Manager,MA,1752,M ,Divorced,US Citizen,No,White,N/A-StillEmployed,Active,Production       ,Janet King,2,Employee Referral,Fully Meets,4.63,3,0,0,2
"Gross, Paula",10059,0,2,0,5,5,3,0,63813,1,19,Production Technician I,MA,2176,F,Divorced,US Citizen,No,White,more money,Voluntarily Terminated,Production       ,Kelley Spirea,18,CareerBuilder,Fully Meets,5,5,0,0,17
"Gruber, Hans",10234,1,1,1,1,3,3,0,99020,0,4,BI Developer,MA,2134,M ,Married,US Citizen,No,Black or African American,N/A-StillEmployed,Active,IT/IS,Brian Champaigne,13,Indeed,Fully Meets,4.2,5,5,0,8
"Guilianno, Mike",10109,0,0,1,5,6,3,0,71707,1,3,Area Sales Manager,TN,37129,M ,Single,US Citizen,No,Two or more races,relocation out of area,Voluntarily Terminated,Sales,John Smith,17,LinkedIn,Fully Meets,4.5,5,0,0,20
"Handschiegl, Joanne",10125,1,1,0,1,5,3,0,54828,0,19,Production Technician I,MA,2127,F,Married,US Citizen,No,White,N/A-StillEmployed,Active,Production       ,Michael Albert,22,Google Search,Fully Meets,4.2,4,0,0,13
"Hankard, Earnest",10074,0,0,1,1,5,3,0,64246,0,20,Production Technician II,MA,2155,M ,Single,US Citizen,Yes,White,N/A-StillEmployed,Active,Production       ,Kelley Spirea,18,LinkedIn,Fully Meets,5,3,0,0,20
"Harrington, Christie ",10097,0,0,0,5,5,3,0,52177,1,19,Production Technician I,MA,2324,F,Single,US Citizen,No,White,retiring,Voluntarily Terminated,Production       ,Webster Butler,39,CareerBuilder,Fully Meets,4.64,4,0,0,8
"Harrison, Kara",10007,1,1,0,1,5,4,0,62065,0,19,Production Technician I,MA,1886,F,Married,US Citizen,No,White,N/A-StillEmployed,Active,Production       ,Amy Dunn,11,CareerBuilder,Exceeds,4.76,4,0,0,5
"Heitzman, Anthony",10129,0,0,1,1,5,3,0,46998,0,19,Production Technician I,MA,2149,M ,Single,US Citizen,No,White,N/A-StillEmployed,Active,Production       ,Ketsia Liebig,19,Google Search,Fully Meets,4.17,4,0,0,1
"Hendrickson, Trina",10075,0,0,0,5,5,3,0,68099,1,20,Production Technician II,MA,2021,F,Single,US Citizen,No,White,hours,Voluntarily Terminated,Production       ,Kelley Spirea,18,CareerBuilder,Fully Meets,5,3,0,0,15
"Hitchcock, Alfred",10167,1,1,1,1,6,3,0,70545,0,3,Area Sales Manager,NH,3062,M ,Married,US Citizen,No,American Indian or Alaska Native,N/A-StillEmployed,Active,Sales,John Smith,17,Indeed,Fully Meets,3.6,5,0,0,9
"Homberger, Adrienne  J",10195,1,1,0,5,5,3,0,63478,1,20,Production Technician II,MA,2445,F,Married,Non-Citizen,No,White,relocation out of area,Voluntarily Terminated,Production       ,Michael Albert,30,Indeed,Fully Meets,3.03,5,0,0,16
"Horton, Jayne",10112,0,0,0,1,3,3,0,97999,0,8,Database Administrator,MA,2493,F,Single,US Citizen,No,White,N/A-StillEmployed,Active,IT/IS,Simon Roup,4,Indeed,Fully Meets,4.48,5,6,0,4
"Houlihan, Debra",10272,1,1,0,1,6,3,0,180000,0,11,Director of Sales,RI,2908,F,Married,US Citizen,No,White,N/A-StillEmployed,Active,Sales,Janet King,2,LinkedIn,Fully Meets,4.5,4,0,0,19
"Howard, Estelle",10182,1,1,0,1,1,3,0,49920,1,2,Administrative Assistant,MA,2170,F,Married,US Citizen,No,Black or African American,"no-call, no-show",Terminated for Cause,Admin Offices,Brandon R. LeBlanc,1,Indeed,Fully Meets,3.24,3,4,0,6
"Hudson, Jane",10248,0,0,0,1,5,3,0,55425,0,19,Production Technician I,MA,2176,F,Single,US Citizen,No,White,N/A-StillEmployed,Active,Production       ,Ketsia Liebig,19,LinkedIn,Fully Meets,4.8,4,0,0,4
"Hunts, Julissa",10201,0,0,0,2,5,3,0,69340,0,20,Production Technician II,MA,2021,F,Single,US Citizen,No,White,N/A-StillEmployed,Active,Production       ,Elijiah Gray,16,LinkedIn,Fully Meets,3,5,0,0,4
"Hutter, Rosalie",10214,0,3,0,2,5,3,0,64995,0,20,Production Technician II,MA,2351,F,Separated,US Citizen,No,White,N/A-StillEmployed,Active,Production       ,Webster Butler,,Indeed,Fully Meets,4.5,3,0,0,6
"Huynh, Ming",10160,0,2,0,5,5,3,0,68182,1,20,Production Technician II,MA,1742,F,Divorced,US Citizen,No,White,unhappy,Voluntarily Terminated,Production       ,Amy Dunn,11,Google Search,Fully Meets,3.72,3,0,0,18
"Immediato, Walter",10289,1,1,1,5,5,2,0,83082,1,18,Production Manager,MA,2128,M ,Married,US Citizen,No,Asian,unhappy,Voluntarily Terminated,Production       ,Janet King,2,Indeed,Needs Improvement,2.34,2,0,3,4
"Ivey, Rose ",10139,0,0,0,1,5,3,0,51908,0,19,Production Technician I,MA,1775,F,Single,US Citizen,No,White,N/A-StillEmployed,Active,Production       ,Brannon Miller,12,Indeed,Fully Meets,3.99,3,0,0,14
"Jackson, Maryellen",10227,0,0,0,1,5,3,0,61242,0,19,Production Technician I,MA,2081,F,Single,US Citizen,No,Black or African American,N/A-StillEmployed,Active,Production       ,David Stanley,14,LinkedIn,Fully Meets,4.1,3,0,0,7
"Jacobi, Hannah  ",10236,0,2,0,1,5,3,0,45069,0,19,Production Technician I,MA,1778,F,Divorced,US Citizen,No,White,N/A-StillEmployed,Active,Production       ,Kissy Sullivan,20,Employee Referral,Fully Meets,4.3,5,0,0,7
"Jeannite, Tayana",10009,0,2,0,1,5,4,0,60724,0,20,Production Technician II,MA,1821,F,Divorced,US Citizen,No,American Indian or Alaska Native,N/A-StillEmployed,Active,Production       ,Ketsia Liebig,19,LinkedIn,Exceeds,4.6,4,0,0,11
"Jhaveri, Sneha  ",10060,0,3,0,1,5,3,0,60436,0,19,Production Technician I,MA,2109,F,Separated,US Citizen,No,White,N/A-StillEmployed,Active,Production       ,Kelley Spirea,18,LinkedIn,Fully Meets,5,5,0,0,9
"Johnson, George",10034,1,1,1,5,5,4,0,46837,1,19,Production Technician I,MA,2445,M ,Married,US Citizen,No,White,more money,Voluntarily Terminated,Production       ,Michael Albert,22,CareerBuilder,Exceeds,4.7,4,0,0,9
"Johnson, Noelle ",10156,1,1,0,3,3,3,0,105700,0,8,Database Administrator,MA,2301,F,Married,US Citizen,No,Asian,N/A-StillEmployed,Active,IT/IS,Simon Roup,4,Indeed,Fully Meets,3.75,3,5,0,2
"Johnston, Yen",10036,0,0,0,1,5,4,0,63322,0,20,Production Technician II,MA,2128,F,Single,US Citizen,No,White,N/A-StillEmployed,Active,Production       ,Brannon Miller,12,LinkedIn,Exceeds,4.3,3,0,0,1
"Jung, Judy  ",10138,1,1,0,5,5,3,0,61154,1,19,Production Technician I,MA,2446,F,Married,US Citizen,No,Black or African American,unhappy,Voluntarily Terminated,Production       ,Elijiah Gray,16,CareerBuilder,Fully Meets,4,4,0,0,4
"Kampew, Donysha",10244,0,0,0,5,6,3,0,68999,1,21,Sales Manager,PA,19444,F,Single,US Citizen,No,White,maternity leave - did not return,Voluntarily Terminated,Sales,Debra Houlihan,15,Google Search,Fully Meets,4.5,5,0,0,2
"Keatts, Kramer ",10192,0,0,1,1,5,3,0,50482,0,19,Production Technician I,MA,1887,M ,Single,US Citizen,No,White,N/A-StillEmployed,Active,Production       ,Michael Albert,22,Indeed,Fully Meets,3.07,4,0,0,10
"Khemmich, Bartholemew",10231,0,0,1,1,6,3,0,65310,0,3,Area Sales Manager,CO,80820,M ,Single,US Citizen,No,White,N/A-StillEmployed,Active,Sales,Lynn Daneault,21,Indeed,Fully Meets,4.3,5,0,0,13
"King, Janet",10089,1,1,0,1,2,3,0,250000,0,16,President & CEO,MA,1902,F,Married,US Citizen,Yes,White,N/A-StillEmployed,Active,Executive Office,Board of Directors,9,Indeed,Fully Meets,4.83,3,0,0,10
"Kinsella, Kathleen  ",10166,1,1,0,5,5,3,0,54005,1,19,Production Technician I,MA,2170,F,Married,US Citizen,No,White,more money,Voluntarily Terminated,Production       ,Webster Butler,39,Google Search,Fully Meets,3.6,5,0,0,16
"Kirill, Alexandra  ",10170,1,1,0,5,5,3,0,45433,1,19,Production Technician I,MA,2127,F,Married,US Citizen,No,White,more money,Voluntarily Terminated,Production       ,Amy Dunn,11,Google Search,Fully Meets,3.49,4,0,0,6
"Knapp, Bradley  J",10208,0,0,1,1,5,3,0,46654,0,19,Production Technician I,MA,1721,M ,Single,US Citizen,No,Black or African American,N/A-StillEmployed,Active,Production       ,Ketsia Liebig,19,LinkedIn,Fully Meets,3.1,3,0,0,3
"Kretschmer, John",10176,1,1,1,1,5,3,0,63973,0,19,Production Technician I,MA,1801,M ,Married,US Citizen,No,Asian,N/A-StillEmployed,Active,Production       ,Brannon Miller,12,Indeed,Fully Meets,3.38,3,0,0,17
"Kreuger, Freddy",10165,0,0,1,1,6,3,1,71339,0,3,Area Sales Manager,NY,10171,M ,Single,US Citizen,Yes,Black or African American,N/A-StillEmployed,Active,Sales,John Smith,17,Diversity Job Fair,Fully Meets,3.65,5,0,0,20
"Lajiri,  Jyoti",10113,1,1,1,3,3,3,0,93206,0,28,Sr. Network Engineer,MA,2169,M ,Married,US Citizen,No,White,N/A-StillEmployed,Active,IT/IS,Peter Monroe,7,Employee Referral,Fully Meets,4.46,5,6,0,7
"Landa, Hans",10092,1,1,1,4,5,3,0,82758,1,18,Production Manager,MA,1890,M ,Married,US Citizen,No,White,attendance,Terminated for Cause,Production       ,Janet King,2,Employee Referral,Fully Meets,4.78,4,0,0,9
"Langford, Lindsey",10106,0,2,0,5,5,3,0,66074,1,20,Production Technician II,MA,2090,F,Divorced,US Citizen,No,Asian,Another position,Voluntarily Terminated,Production       ,David Stanley,14,Indeed,Fully Meets,4.52,3,0,0,20
"Langton, Enrico",10052,1,1,1,1,5,3,0,46120,0,19,Production Technician I,MA,2048,M ,Married,US Citizen,No,White,N/A-StillEmployed,Active,Production       ,David Stanley,14,LinkedIn,Fully Meets,5,5,0,0,13
"LaRotonda, William  ",10038,0,2,1,1,1,3,0,64520,0,1,Accountant I,MA,1460,M ,Divorced,US Citizen,No,Black or African American,N/A-StillEmployed,Active,Admin Offices,Brandon R. LeBlanc,1,Website,Fully Meets,5,4,4,0,3
"Latif, Mohammed",10249,1,1,1,5,5,3,0,61962,1,20,Production Technician II,MA,2126,M ,Married,US Citizen,No,White,more money,Voluntarily Terminated,Production       ,Kissy Sullivan,20,Google Search,Fully Meets,4.9,3,0,0,20
"Le, Binh",10232,0,0,0,1,3,3,0,81584,0,22,Senior BI Developer,MA,1886,F,Single,US Citizen,No,Asian,N/A-StillEmployed,Active,IT/IS,Brian Champaigne,13,Indeed,Fully Meets,4.1,5,7,0,2
"Leach, Dallas",10087,0,0,0,5,5,3,0,63676,1,19,Production Technician I,MA,1810,F,Single,US Citizen,No,Asian,return to school,Voluntarily Terminated,Production       ,Kissy Sullivan,20,CareerBuilder,Fully Meets,4.88,3,0,0,17
"LeBlanc, Brandon  R",10134,1,1,1,1,1,3,0,93046,0,23,Shared Services Manager,MA,1460,M ,Married,US Citizen,No,White,N/A-StillEmployed,Active,Admin Offices,Janet King,2,CareerBuilder,Fully Meets,4.1,4,0,0,20
"Lecter, Hannibal",10251,1,1,1,1,5,3,0,64738,0,19,Production Technician I,MA,1776,M ,Married,US Citizen,No,Asian,N/A-StillEmployed,Active,Production       ,Elijiah Gray,16,Google Search,Fully Meets,4.1,3,0,0,10
"Leruth, Giovanni",10103,0,3,1,1,6,3,0,70468,0,3,Area Sales Manager,UT,84111,M ,Separated,US Citizen,No,Black or African American,N/A-StillEmployed,Active,Sales,John Smith,17,Website,Fully Meets,4.53,3,0,0,16
"Liebig, Ketsia",10017,1,1,0,1,5,4,0,77915,0,18,Production Manager,MA,2110,F,Married,US Citizen,No,White,N/A-StillEmployed,Active,Production       ,Janet King,2,Website,Exceeds,4.1,3,0,0,11
"Linares, Marilyn ",10186,1,1,0,5,5,3,0,52624,1,19,Production Technician I,MA,1886,F,Married,US Citizen,No,White,unhappy,Voluntarily Terminated,Production       ,Michael Albert,22,Indeed,Fully Meets,3.18,4,0,0,16
"Linden, Mathew",10137,1,1,1,3,5,3,0,63450,0,20,Production Technician II,MA,1770,M ,Married,US Citizen,No,White,N/A-StillEmployed,Active,Production       ,Kelley Spirea,18,LinkedIn,Fully Meets,4,3,0,0,7
"Lindsay, Leonara ",10008,0,0,0,1,3,4,1,51777,0,14,IT Support,CT,6070,F,Single,US Citizen,Yes,Black or African American,N/A-StillEmployed,Active,IT/IS,Eric Dougall,6,Diversity Job Fair,Exceeds,4.64,4,5,0,14
"Lundy, Susan",10096,0,4,0,5,5,3,0,67237,1,20,Production Technician II,MA,2122,F,Widowed,US Citizen,No,White,more money,Voluntarily Terminated,Production       ,Michael Albert,22,LinkedIn,Fully Meets,4.65,4,0,0,15
"Lunquist, Lisa",10035,0,0,0,1,5,4,0,73330,0,20,Production Technician II,MA,2324,F,Single,US Citizen,No,Black or African American,N/A-StillEmployed,Active,Production       ,Elijiah Gray,16,Indeed,Exceeds,4.2,4,0,0,19
"Lydon, Allison",10057,1,1,0,3,5,3,0,52057,0,19,Production Technician I,MA,2122,F,Married,US Citizen,No,Black or African American,N/A-StillEmployed,Active,Production       ,Elijiah Gray,16,Website,Fully Meets,5,3,0,0,6
"Lynch, Lindsay",10004,0,0,0,5,5,4,1,47434,1,19,Production Technician I,MA,1844,F,Single,US Citizen,Yes,Black or African American,Another position,Voluntarily Terminated,Production       ,Webster Butler,39,Diversity Job Fair,Exceeds,5,4,0,0,17
"MacLennan, Samuel",10191,0,4,1,5,5,3,0,52788,1,19,Production Technician I,MA,1938,M ,Widowed,US Citizen,No,White,hours,Voluntarily Terminated,Production       ,Amy Dunn,11,Indeed,Fully Meets,3.08,4,0,0,18
"Mahoney, Lauren  ",10219,0,0,0,1,5,3,0,45395,0,19,Production Technician I,MA,2189,F,Single,US Citizen,No,White,N/A-StillEmployed,Active,Production       ,Ketsia Liebig,19,LinkedIn,Fully Meets,4.6,4,0,0,14
"Manchester, Robyn",10077,1,1,0,2,5,3,0,62385,0,20,Production Technician II,MA,2324,F,Married,US Citizen,No,White,N/A-StillEmployed,Active,Production       ,Webster Butler,,LinkedIn,Fully Meets,5,3,0,0,4
"Mancuso, Karen",10073,1,1,0,5,5,3,0,68407,1,20,Production Technician II,MA,2176,F,Married,US Citizen,No,Two or more races,Another position,Voluntarily Terminated,Production       ,Amy Dunn,11,LinkedIn,Fully Meets,5,4,0,0,16
"Mangal, Debbie",10279,1,1,0,1,5,3,0,61349,0,19,Production Technician I,MA,2451,F,Married,US Citizen,No,White,N/A-StillEmployed,Active,Production       ,Brannon Miller,12,LinkedIn,Fully Meets,4.1,3,0,0,11
"Martin, Sandra",10110,0,0,0,1,4,3,0,105688,0,24,Software Engineer,MA,2135,F,Single,US Citizen,No,Asian,N/A-StillEmployed,Active,Software Engineering,Alex Sweetwater,10,Google Search,Fully Meets,4.5,5,4,0,14
"Maurice, Shana",10053,1,1,0,1,5,3,0,54132,0,19,Production Technician I,MA,2330,F,Married,US Citizen,No,White,N/A-StillEmployed,Active,Production       ,David Stanley,14,Indeed,Fully Meets,5,4,0,0,8
"Carthy, B'rigit",10076,0,0,0,1,5,3,0,55315,0,20,Production Technician II,MA,2149,F,Single,US Citizen,No,Black or African American,N/A-StillEmployed,Active,Production       ,Ketsia Liebig,19,LinkedIn,Fully Meets,5,5,0,0,16
"Mckenna, Sandy",10145,1,1,0,1,5,3,0,62810,0,19,Production Technician I,MA,2184,F,Married,US Citizen,No,Black or African American,N/A-StillEmployed,Active,Production       ,Kissy Sullivan,20,CareerBuilder,Fully Meets,3.93,3,0,0,20
"McKinzie, Jac",10202,1,1,1,2,6,3,0,63291,0,3,Area Sales Manager,TX,78789,M ,Married,US Citizen,No,Two or more races,N/A-StillEmployed,Active,Sales,Lynn Daneault,21,Website,Fully Meets,3.4,4,0,0,7
"Meads, Elizabeth",10128,0,0,0,5,5,3,1,62659,1,19,Production Technician I,MA,1760,F,Single,US Citizen,No,Black or African American,Another position,Voluntarily Terminated,Production       ,Kelley Spirea,18,Diversity Job Fair,Fully Meets,4.18,4,0,0,17
"Medeiros, Jennifer",10068,0,0,0,1,5,3,0,55688,0,19,Production Technician I,MA,2346,F,Single,US Citizen,No,White,N/A-StillEmployed,Active,Production       ,Michael Albert,22,CareerBuilder,Fully Meets,5,4,0,0,10
"Miller, Brannon",10116,0,0,1,1,5,3,0,83667,0,18,Production Manager,MA,2045,M ,Single,US Citizen,yes,Hispanic,N/A-StillEmployed,Active,Production       ,Janet King,2,Indeed,Fully Meets,4.37,3,0,0,2
"Miller, Ned",10298,0,0,1,5,5,1,0,55800,1,20,Production Technician II,MA,2472,M ,Single,US Citizen,No,White,unhappy,Voluntarily Terminated,Production       ,Brannon Miller,12,LinkedIn,PIP,3,2,0,6,6
"Monkfish, Erasumus",10213,1,1,1,1,5,3,0,58207,0,20,Production Technician II,MA,1450,M ,Married,US Citizen,No,White,N/A-StillEmployed,Active,Production       ,David Stanley,14,LinkedIn,Fully Meets,3.7,3,0,0,14
"Monroe, Peter",10288,1,1,1,1,3,2,1,157000,0,13,IT Manager - Infra,MA,2134,M ,Married,Eligible NonCitizen,Yes,Black or African American,N/A-StillEmployed,Active,IT/IS,Jennifer Zamora,5,Diversity Job Fair,Needs Improvement,2.39,3,6,4,13
"Monterro, Luisa",10025,0,0,0,1,5,4,0,72460,0,20,Production Technician II,MA,2126,F,Single,US Citizen,No,Black or African American,N/A-StillEmployed,Active,Production       ,Kissy Sullivan,20,Indeed,Exceeds,4.7,3,0,0,1
"Moran, Patrick",10223,0,0,1,3,5,3,1,72106,0,20,Production Technician II,MA,2127,M ,Single,US Citizen,No,Black or African American,N/A-StillEmployed,Active,Production       ,Kelley Spirea,18,Diversity Job Fair,Fully Meets,4.1,4,0,0,12
"Morway, Tanya",10151,1,1,0,1,3,3,0,52599,0,15,Network Engineer,MA,2048,F,Married,US Citizen,No,White,N/A-StillEmployed,Active,IT/IS,Peter Monroe,7,CareerBuilder,Fully Meets,3.81,3,6,0,6
"Motlagh,  Dawn",10254,0,2,0,1,5,3,0,63430,0,19,Production Technician I,MA,2453,F,Divorced,US Citizen,No,White,N/A-StillEmployed,Active,Production       ,Elijiah Gray,16,LinkedIn,Fully Meets,4.4,4,0,0,18
"Moumanil, Maliki ",10120,0,3,1,1,5,3,0,74417,0,20,Production Technician II,MA,1460,M ,Separated,US Citizen,No,Black or African American,N/A-StillEmployed,Active,Production       ,Michael Albert,22,LinkedIn,Fully Meets,4.29,5,0,0,11
"Myers, Michael",10216,0,0,1,1,5,3,0,57575,0,19,Production Technician I,MA,1550,M ,Single,US Citizen,No,Asian,N/A-StillEmployed,Active,Production       ,Kissy Sullivan,20,LinkedIn,Fully Meets,4.1,4,0,0,13
"Navathe, Kurt",10079,0,0,1,1,3,3,0,87921,0,22,Senior BI Developer,MA,2056,M ,Single,US Citizen,No,Asian,N/A-StillEmployed,Active,IT/IS,Brian Champaigne,13,Indeed,Fully Meets,5,3,6,0,17
"Ndzi, Colombui",10215,0,0,1,5,5,3,1,50470,1,19,Production Technician I,MA,2110,M ,Single,US Citizen,No,Black or African American,return to school,Voluntarily Terminated,Production       ,Webster Butler,39,Diversity Job Fair,Fully Meets,4.3,3,0,0,19
"Ndzi, Horia",10185,1,1,1,5,5,3,0,46664,1,19,Production Technician I,MA,2421,M ,Married,US Citizen,No,White,more money,Voluntarily Terminated,Production       ,Amy Dunn,11,Employee Referral,Fully Meets,3.18,3,0,0,10
"Newman, Richard ",10063,1,1,1,3,5,3,0,48495,0,19,Production Technician I,MA,2136,M ,Married,US Citizen,No,White,N/A-StillEmployed,Active,Production       ,Ketsia Liebig,19,LinkedIn,Fully Meets,5,5,0,0,11
"Ngodup, Shari ",10037,0,3,0,1,5,4,1,52984,0,19,Production Technician I,MA,1810,F,Separated,US Citizen,No,Black or African American,N/A-StillEmployed,Active,Production       ,Brannon Miller,12,Diversity Job Fair,Exceeds,4,3,0,0,12
"Nguyen, Dheepa",10042,0,0,0,1,6,3,0,63695,0,3,Area Sales Manager,GA,30428,F,Single,US Citizen,No,Two or more races,N/A-StillEmployed,Active,Sales,Lynn Daneault,21,Indeed,Fully Meets,5,5,0,0,2
"Nguyen, Lei-Ming",10206,0,0,0,1,5,3,0,62061,0,19,Production Technician I,MA,2132,F,Single,US Citizen,No,White,N/A-StillEmployed,Active,Production       ,David Stanley,14,LinkedIn,Fully Meets,3.6,5,0,0,4
"Nowlan, Kristie",10104,0,0,0,1,5,3,0,66738,0,20,Production Technician II,MA,1040,F,Single,US Citizen,No,White,N/A-StillEmployed,Active,Production       ,Elijiah Gray,16,Indeed,Fully Meets,4.53,5,0,0,5
"O'hare, Lynn",10303,0,0,0,4,5,1,0,52674,1,19,Production Technician I,MA,2152,F,Single,US Citizen,No,Two or more races,performance,Terminated for Cause,Production       ,Kissy Sullivan,20,LinkedIn,PIP,2.33,2,0,6,3
"Oliver, Brooke ",10078,1,1,0,5,5,3,0,71966,1,20,Production Technician II,MA,2492,F,Married,US Citizen,No,Asian,unhappy,Voluntarily Terminated,Production       ,Webster Butler,39,LinkedIn,Fully Meets,5,3,0,0,17
"Onque, Jasmine",10121,0,0,0,1,6,3,0,63051,0,3,Area Sales Manager,FL,33174,F,Single,US Citizen,Yes,White,N/A-StillEmployed,Active,Sales,Lynn Daneault,21,Indeed,Fully Meets,4.28,3,0,0,1
"Osturnka, Adeel",10021,1,1,1,1,5,4,0,47414,0,19,Production Technician I,MA,2478,M ,Married,US Citizen,No,White,N/A-StillEmployed,Active,Production       ,Kelley Spirea,18,LinkedIn,Exceeds,5,3,0,0,13
"Owad, Clinton",10281,0,0,1,1,5,2,0,53060,0,19,Production Technician I,MA,1760,M ,Single,US Citizen,No,Black or African American,N/A-StillEmployed,Active,Production       ,Michael Albert,22,LinkedIn,Needs Improvement,4.25,3,0,4,6
"Ozark, Travis",10041,0,0,1,1,6,3,0,68829,0,3,Area Sales Manager,NC,27229,M ,Single,US Citizen,No,White,N/A-StillEmployed,Active,Sales,John Smith,17,Website,Fully Meets,5,5,0,0,18
"Panjwani, Nina",10148,1,1,0,5,5,3,0,63515,1,19,Production Technician I,MA,2351,F,Married,US Citizen,No,White,Another position,Voluntarily Terminated,Production       ,Elijiah Gray,16,Google Search,Fully Meets,3.89,4,0,0,7
"Patronick, Lucas",10005,0,0,1,5,4,4,1,108987,1,24,Software Engineer,MA,1844,M ,Single,US Citizen,No,Black or African American,Another position,Voluntarily Terminated,Software Engineering,Alex Sweetwater,10,Diversity Job Fair,Exceeds,5,5,3,0,13
"Pearson, Randall",10259,1,1,1,5,3,3,0,93093,1,9,Data Analyst,MA,2747,M ,Married,US Citizen,No,White,performance,Voluntarily Terminated,IT/IS,Simon Roup,4,Employee Referral,Fully Meets,4.7,4,5,0,19
"Smith, Martin",10286,0,0,1,5,5,2,0,53564,1,19,Production Technician I,MA,2458,M ,Single,US Citizen,No,Black or African American,career change,Voluntarily Terminated,Production       ,Webster Butler,39,Google Search,Needs Improvement,3.54,5,0,4,15
"Pelletier, Ermine",10297,1,1,0,5,5,2,0,60270,1,20,Production Technician II,MA,2472,F,Married,US Citizen,No,Asian,unhappy,Voluntarily Terminated,Production       ,Amy Dunn,11,CareerBuilder,Needs Improvement,2.4,5,0,5,2
"Perry, Shakira",10171,0,0,0,5,5,3,0,45998,1,19,Production Technician I,MA,2176,F,Single,US Citizen,No,White,medical issues,Voluntarily Terminated,Production       ,Amy Dunn,11,LinkedIn,Fully Meets,3.45,4,0,0,5
"Peters, Lauren",10032,1,1,0,5,5,4,0,57954,1,20,Production Technician II,MA,1886,F,Married,US Citizen,No,White,more money,Voluntarily Terminated,Production       ,Ketsia Liebig,19,Indeed,Exceeds,4.2,5,0,0,12
"Peterson, Ebonee  ",10130,1,1,0,5,5,3,0,74669,1,18,Production Manager,MA,2030,F,Married,US Citizen,No,White,Another position,Voluntarily Terminated,Production       ,Janet King,2,Indeed,Fully Meets,4.16,5,0,0,6
"Petingill, Shana  ",10217,1,1,0,1,5,3,0,74226,0,20,Production Technician II,MA,2050,F,Married,Eligible NonCitizen,No,Asian,N/A-StillEmployed,Active,Production       ,Brannon Miller,12,LinkedIn,Fully Meets,4.3,3,0,0,14
"Petrowsky, Thelma",10016,1,1,0,1,3,4,0,93554,0,9,Data Analyst,MA,1886,F,Married,US Citizen,No,Black or African American,N/A-StillEmployed,Active,IT/IS,Simon Roup,4,Employee Referral,Exceeds,4.6,5,7,0,16
"Pham, Hong",10050,1,1,1,5,5,3,0,64724,1,19,Production Technician I,MA,2451,M ,Married,US Citizen,No,Asian,more money,Voluntarily Terminated,Production       ,Brannon Miller,12,Google Search,Fully Meets,5,3,0,0,13
"Pitt, Brad ",10164,0,0,1,1,5,3,0,47001,0,19,Production Technician I,MA,2451,M ,Single,US Citizen,No,White,N/A-StillEmployed,Active,Production       ,David Stanley,14,Google Search,Fully Meets,3.66,3,0,0,15
"Potts, Xana",10124,1,1,0,1,6,3,0,61844,0,3,Area Sales Manager,KY,40220,F,Married,US Citizen,No,Black or African American,N/A-StillEmployed,Active,Sales,Lynn Daneault,21,Website,Fully Meets,4.2,5,0,0,9
"Power, Morissa",10187,0,2,0,5,5,3,0,46799,1,19,Production Technician I,MA,1742,F,Divorced,Eligible NonCitizen,No,Asian,Another position,Voluntarily Terminated,Production       ,Kissy Sullivan,20,Google Search,Fully Meets,3.17,4,0,0,14
"Punjabhi, Louis  ",10225,0,0,1,1,5,3,0,59472,0,19,Production Technician I,MA,2109,M ,Single,US Citizen,No,White,N/A-StillEmployed,Active,Production       ,Kelley Spirea,18,Employee Referral,Fully Meets,4.8,3,0,0,14
"Purinton, Janine",10262,0,2,0,5,5,3,0,46430,1,19,Production Technician I,MA,2474,F,Divorced,US Citizen,No,White,unhappy,Voluntarily Terminated,Production       ,Kissy Sullivan,20,Indeed,Fully Meets,4.5,5,0,0,16
"Quinn, Sean",10131,1,1,1,5,1,3,1,83363,1,23,Software Engineer,MA,2045,M ,Married,Eligible NonCitizen,No,Black or African American,career change,Voluntarily Terminated,Software Engineering,Janet King,2,Diversity Job Fair,Fully Meets,4.15,4,0,0,4
"Rachael, Maggie",10239,1,1,0,1,3,3,0,95920,0,4,BI Developer,MA,2110,F,Married,US Citizen,No,Black or African American,N/A-StillEmployed,Active,IT/IS,Brian Champaigne,13,Indeed,Fully Meets,4.4,4,6,0,10
"Rarrick, Quinn",10152,0,2,1,5,5,3,0,61729,1,19,Production Technician I,MA,2478,M ,Divorced,US Citizen,No,White,more money,Voluntarily Terminated,Production       ,Michael Albert,22,Indeed,Fully Meets,3.8,5,0,0,19
"Ren, Kylo",10140,1,1,1,1,6,3,0,61809,0,3,Area Sales Manager,ID,83706,M ,Married,US Citizen,No,White,N/A-StillEmployed,Active,Sales,John Smith,17,CareerBuilder,Fully Meets,3.98,3,0,0,4
"Rhoads, Thomas",10058,0,2,1,5,5,3,0,45115,1,19,Production Technician I,MA,2176,M ,Divorced,US Citizen,Yes,White,retiring,Voluntarily Terminated,Production       ,Elijiah Gray,16,LinkedIn,Fully Meets,5,4,0,0,11
"Rivera, Haley  ",10011,1,1,0,1,5,4,0,46738,0,19,Production Technician I,MA,2171,F,Married,US Citizen,No,Asian,N/A-StillEmployed,Active,Production       ,Webster Butler,,Google Search,Exceeds,4.36,5,0,0,16
"Roberson, May",10230,0,2,0,5,5,3,0,64971,1,20,Production Technician II,MA,1902,F,Divorced,Eligible NonCitizen,No,Black or African American,return to school,Voluntarily Terminated,Production       ,David Stanley,14,Google Search,Fully Meets,4.5,4,0,0,10
"Robertson, Peter",10224,1,1,1,5,5,3,0,55578,1,20,Production Technician II,MA,2138,M ,Married,US Citizen,No,White,Another position,Voluntarily Terminated,Production       ,Kissy Sullivan,20,Indeed,Fully Meets,4.2,5,0,0,13
"Robinson, Alain  ",10047,1,1,1,5,5,3,0,50428,1,19,Production Technician I,MA,1420,M ,Married,US Citizen,No,Black or African American,attendance,Voluntarily Terminated,Production       ,Amy Dunn,11,Indeed,Fully Meets,5,3,0,0,11
"Robinson, Cherly",10285,1,1,0,4,5,2,0,61422,1,19,Production Technician I,MA,1460,F,Married,US Citizen,No,White,attendance,Terminated for Cause,Production       ,Ketsia Liebig,19,Indeed,Needs Improvement,3.6,3,0,4,16
"Robinson, Elias",10020,0,4,1,1,5,4,0,63353,0,19,Production Technician I,MA,1730,M ,Widowed,US Citizen,No,White,N/A-StillEmployed,Active,Production       ,Brannon Miller,12,Employee Referral,Exceeds,3.6,5,0,0,4
"Roby, Lori ",10162,1,1,0,1,3,3,0,89883,0,9,Data Analyst,MA,1886,F,Married,US Citizen,No,White,N/A-StillEmployed,Active,IT/IS,Simon Roup,4,Employee Referral,Fully Meets,3.69,5,6,0,15
"Roehrich, Bianca",10149,0,0,0,5,3,3,0,120000,1,29,Principal Data Architect,MA,2703,F,Single,US Citizen,Yes,White,Another position,Voluntarily Terminated,IT/IS,Simon Roup,4,LinkedIn,Fully Meets,3.88,3,7,0,12
"Roper, Katie",10086,0,0,0,1,3,3,0,150290,0,7,Data Architect,MA,2056,F,Single,US Citizen,No,Black or African American,N/A-StillEmployed,Active,IT/IS,Brian Champaigne,13,Indeed,Fully Meets,4.94,3,5,0,17
"Rose, Ashley  ",10054,0,3,0,1,5,3,0,60627,0,19,Production Technician I,MA,1886,F,Separated,US Citizen,No,White,N/A-StillEmployed,Active,Production       ,David Stanley,14,Website,Fully Meets,5,4,0,0,8
"Rossetti, Bruno",10065,0,0,1,5,5,3,0,53180,1,19,Production Technician I,MA,2155,M ,Single,US Citizen,No,White,Another position,Voluntarily Terminated,Production       ,Kissy Sullivan,20,Google Search,Fully Meets,5,5,0,0,4
"Roup,Simon",10198,0,0,1,1,3,3,0,140920,0,13,IT Manager - DB,MA,2481,M ,Single,US Citizen,No,White,N/A-StillEmployed,Active,IT/IS,Jennifer Zamora,5,Indeed,Fully Meets,3.6,5,7,0,13
"Ruiz, Ricardo",10222,0,2,1,5,3,3,1,148999,1,13,IT Manager - DB,MA,1915,M ,Divorced,US Citizen,No,Black or African American,hours,Voluntarily Terminated,IT/IS,Jennifer Zamora,5,Diversity Job Fair,Fully Meets,4.3,4,6,0,8
"Saada, Adell",10126,1,1,0,1,4,3,0,86214,0,24,Software Engineer,MA,2132,F,Married,US Citizen,No,White,N/A-StillEmployed,Active,Software Engineering,Alex Sweetwater,10,Indeed,Fully Meets,4.2,3,6,0,2
"Saar-Beckles, Melinda",10295,0,0,0,2,5,2,1,47750,0,19,Production Technician I,MA,1801,F,Single,US Citizen,No,Black or African American,N/A-StillEmployed,Active,Production       ,Kelley Spirea,18,Diversity Job Fair,Needs Improvement,2.6,4,0,5,4
"Sadki, Nore  ",10260,0,0,1,5,5,3,0,46428,1,19,Production Technician I,MA,2148,M ,Single,US Citizen,No,White,relocation out of area,Voluntarily Terminated,Production       ,Michael Albert,22,Google Search,Fully Meets,4.6,5,0,0,7
"Sahoo, Adil",10233,1,1,1,1,5,3,0,57975,0,20,Production Technician II,MA,2062,M ,Married,US Citizen,No,White,N/A-StillEmployed,Active,Production       ,Kelley Spirea,18,CareerBuilder,Fully Meets,4.1,3,0,0,13
"Salter, Jason",10229,0,2,1,5,3,3,0,88527,1,9,Data Analyst ,MA,2452,M ,Divorced,US Citizen,No,Black or African American,hours,Voluntarily Terminated,IT/IS,Simon Roup,4,LinkedIn,Fully Meets,4.2,3,5,0,2
"Sander, Kamrin",10169,1,1,0,1,5,3,0,56147,0,19,Production Technician I,MA,2154,F,Married,US Citizen,No,Black or African American,N/A-StillEmployed,Active,Production       ,Elijiah Gray,16,LinkedIn,Fully Meets,3.51,3,0,0,2
"Sewkumar, Nori",10071,0,0,0,3,5,3,0,50923,0,19,Production Technician I,MA,2191,F,Single,US Citizen,No,Asian,N/A-StillEmployed,Active,Production       ,Webster Butler,,Google Search,Fully Meets,5,5,0,0,14
"Shepard, Anita ",10179,1,1,0,1,3,3,0,50750,0,15,Network Engineer,MA,1773,F,Married,US Citizen,No,White,N/A-StillEmployed,Active,IT/IS,Peter Monroe,7,LinkedIn,Fully Meets,3.31,3,6,0,7
"Shields, Seffi",10091,1,1,0,1,5,3,0,52087,0,19,Production Technician I,MA,2149,F,Married,US Citizen,No,White,N/A-StillEmployed,Active,Production       ,Amy Dunn,11,LinkedIn,Fully Meets,4.81,4,0,0,15
"Simard, Kramer",10178,1,1,1,1,3,3,0,87826,0,9,Data Analyst,MA,2110,M ,Married,US Citizen,Yes,White,N/A-StillEmployed,Active,IT/IS,Simon Roup,4,Employee Referral,Fully Meets,3.32,3,7,0,16
"Singh, Nan ",10039,0,0,0,1,1,3,0,51920,0,2,Administrative Assistant,MA,2330,F,Single,US Citizen,No,White,N/A-StillEmployed,Active,Admin Offices,Brandon R. LeBlanc,1,Website,Fully Meets,5,3,5,0,2
"Sloan, Constance",10095,0,0,0,5,5,3,0,63878,1,20,Production Technician II,MA,1851,F,Single,US Citizen,No,White,maternity leave - did not return,Voluntarily Terminated,Production       ,Michael Albert,22,CareerBuilder,Fully Meets,4.68,4,0,0,20
"Smith, Joe",10027,0,0,1,1,5,4,0,60656,0,20,Production Technician II,MA,2045,M ,Single,US Citizen,No,White,N/A-StillEmployed,Active,Production       ,Elijiah Gray,16,Indeed,Exceeds,4.3,3,0,0,4
"Smith, John",10291,0,2,1,1,6,2,1,72992,0,21,Sales Manager,MA,1886,M ,Divorced,US Citizen,No,Black or African American,N/A-StillEmployed,Active,Sales,Debra Houlihan,15,Diversity Job Fair,Needs Improvement,2.4,4,0,2,16
"Smith, Leigh Ann",10153,1,1,0,5,1,3,1,55000,1,2,Administrative Assistant,MA,1844,F,Married,US Citizen,No,Black or African American,career change,Voluntarily Terminated,Admin Offices,Brandon R. LeBlanc,1,Diversity Job Fair,Fully Meets,3.8,4,4,0,17
"Smith, Sade",10157,0,0,0,1,5,3,0,58939,0,19,Production Technician I,MA,2130,F,Single,US Citizen,No,White,N/A-StillEmployed,Active,Production       ,Ketsia Liebig,19,Employee Referral,Fully Meets,3.73,3,0,0,16
"Soto, Julia ",10119,1,1,0,1,3,3,0,66593,0,14,IT Support,MA,2360,F,Married,US Citizen,No,Black or African American,N/A-StillEmployed,Active,IT/IS,Eric Dougall,6,LinkedIn,Fully Meets,4.3,3,5,0,19
"Soze, Keyser",10180,1,1,1,2,3,3,0,87565,0,28,Sr. Network Engineer,MA,1545,M ,Married,US Citizen,No,Asian,N/A-StillEmployed,Active,IT/IS,Peter Monroe,7,LinkedIn,Fully Meets,3.27,4,5,0,13
"Sparks, Taylor  ",10302,1,1,0,1,5,1,0,64021,0,19,Production Technician I,MA,2093,F,Married,US Citizen,No,White,N/A-StillEmployed,Active,Production       ,Brannon Miller,12,Indeed,PIP,2.4,2,1,6,20
"Spirea, Kelley",10090,1,1,0,1,5,3,0,65714,0,18,Production Manager,MA,2451,F,Married,US Citizen,No,White,N/A-StillEmployed,Active,Production       ,Janet King,2,LinkedIn,Fully Meets,4.83,5,0,0,15
"Squatrito, Kristen",10030,0,2,0,5,5,4,0,62425,1,19,Production Technician I,MA,2359,F,Divorced,US Citizen,No,White,unhappy,Voluntarily Terminated,Production       ,David Stanley,14,LinkedIn,Exceeds,4.1,4,0,0,16
"Stanford,Barbara  M",10278,0,2,0,1,5,3,0,47961,0,19,Production Technician I,MA,2050,F,Divorced,US Citizen,No,Two or more races,N/A-StillEmployed,Active,Production       ,Kissy Sullivan,20,Google Search,Fully Meets,4.1,4,0,0,9
"Stansfield, Norman",10307,1,1,1,1,6,1,0,58273,0,3,Area Sales Manager,NV,89139,M ,Married,US Citizen,No,White,N/A-StillEmployed,Active,Sales,Lynn Daneault,21,Website,PIP,1.81,2,0,3,5
"Steans, Tyrone  ",10147,0,0,1,1,1,3,0,63003,0,1,Accountant I,MA,2703,M ,Single,US Citizen,No,White,N/A-StillEmployed,Active,Admin Offices,Brandon R. LeBlanc,1,Indeed,Fully Meets,3.9,5,5,0,9
"Stoica, Rick",10266,1,1,1,1,5,3,0,61355,0,19,Production Technician I,MA,2301,M ,Married,US Citizen,No,Asian,N/A-StillEmployed,Active,Production       ,Kelley Spirea,18,LinkedIn,Fully Meets,4.7,3,0,0,4
"Strong, Caitrin",10241,1,1,0,1,6,3,0,60120,0,3,Area Sales Manager,MT,59102,F,Married,US Citizen,No,Black or African American,N/A-StillEmployed,Active,Sales,John Smith,17,Indeed,Fully Meets,4.1,4,0,0,18
"Sullivan, Kissy ",10158,1,1,0,1,5,3,0,63682,0,18,Production Manager,MA,1776,F,Married,US Citizen,No,Black or African American,N/A-StillEmployed,Active,Production       ,Janet King,2,Indeed,Fully Meets,3.73,4,0,0,12
"Sullivan, Timothy",10117,1,1,1,1,5,3,0,63025,0,19,Production Technician I,MA,2747,M ,Married,US Citizen,Yes,White,N/A-StillEmployed,Active,Production       ,Michael Albert,22,Google Search,Fully Meets,4.36,5,0,0,10
"Sutwell, Barbara",10209,0,0,0,1,5,3,0,59238,0,19,Production Technician I,MA,2718,F,Single,Eligible NonCitizen,No,Asian,N/A-StillEmployed,Active,Production       ,Elijiah Gray,16,Indeed,Fully Meets,3.4,5,0,0,13
"Szabo, Andrew",10024,0,0,1,1,4,4,0,92989,0,24,Software Engineer,MA,2140,M ,Single,US Citizen,No,White,N/A-StillEmployed,Active,Software Engineering,Alex Sweetwater,10,LinkedIn,Exceeds,4.5,5,5,0,1
"Tannen, Biff",10173,1,1,1,1,3,3,0,90100,0,4,BI Developer,MA,2134,M ,Married,US Citizen,No,White,N/A-StillEmployed,Active,IT/IS,Brian Champaigne,13,Indeed,Fully Meets,3.4,3,6,0,14
"Tavares, Desiree  ",10221,1,1,0,5,5,3,1,60754,1,19,Production Technician I,MA,1801,F,Married,Non-Citizen,No,Black or African American,Another position,Voluntarily Terminated,Production       ,Webster Butler,39,Diversity Job Fair,Fully Meets,4.5,5,0,0,11
"Tejeda, Lenora ",10146,1,1,0,5,5,3,0,72202,1,20,Production Technician II,MA,2129,F,Married,US Citizen,No,White,Another position,Voluntarily Terminated,Production       ,Elijiah Gray,16,Google Search,Fully Meets,3.93,3,0,0,3
"Terry, Sharlene ",10161,0,0,0,1,6,3,0,58370,0,3,Area Sales Manager,OR,97756,F,Single,US Citizen,No,Black or African American,N/A-StillEmployed,Active,Sales,Lynn Daneault,21,Indeed,Fully Meets,3.69,3,0,0,18
"Theamstern, Sophia",10141,0,0,0,5,5,3,0,48413,1,19,Production Technician I,MA,2066,F,Single,US Citizen,No,White,return to school,Voluntarily Terminated,Production       ,Amy Dunn,11,Indeed,Fully Meets,3.98,4,0,0,1
"Thibaud, Kenneth",10268,0,4,1,5,5,3,0,67176,1,20,Production Technician II,MA,2472,M ,Widowed,US Citizen,No,White,military,Voluntarily Terminated,Production       ,Webster Butler,39,Other,Fully Meets,4.1,4,0,0,15
"Tippett, Jeanette",10123,0,2,0,1,5,3,0,56339,0,19,Production Technician I,MA,2093,F,Divorced,US Citizen,No,Black or African American,N/A-StillEmployed,Active,Production       ,Brannon Miller,12,Indeed,Fully Meets,4.21,5,0,0,4
"Torrence, Jack",10013,0,3,1,1,6,4,0,64397,0,3,Area Sales Manager,ND,58782,M ,Separated,US Citizen,No,White,N/A-StillEmployed,Active,Sales,Lynn Daneault,21,Indeed,Exceeds,4.1,3,0,0,6
"Trang, Mei",10287,0,0,0,1,5,2,0,63025,0,19,Production Technician I,MA,2021,F,Single,US Citizen,No,White,N/A-StillEmployed,Active,Production       ,David Stanley,14,LinkedIn,Needs Improvement,2.44,5,0,4,18
"Tredinnick, Neville ",10044,1,1,1,5,3,3,0,75281,1,15,Network Engineer,MA,1420,M ,Married,US Citizen,No,White,medical issues,Voluntarily Terminated,IT/IS,Peter Monroe,7,CareerBuilder,Fully Meets,5,3,5,0,11
"True, Edward",10102,0,0,1,5,4,3,1,100416,1,24,Software Engineer,MA,2451,M ,Single,Non-Citizen,No,Black or African American,medical issues,Voluntarily Terminated,Software Engineering,Alex Sweetwater,10,Diversity Job Fair,Fully Meets,4.6,3,4,0,9
"Trzeciak, Cybil",10270,0,0,0,5,5,3,0,74813,1,20,Production Technician II,MA,1778,F,Single,US Citizen,No,White,unhappy,Voluntarily Terminated,Production       ,Amy Dunn,11,LinkedIn,Fully Meets,4.4,3,0,0,5
"Turpin, Jumil",10045,1,1,1,1,3,3,0,76029,0,15,Network Engineer,MA,2343,M ,Married,Eligible NonCitizen,No,White,N/A-StillEmployed,Active,IT/IS,Peter Monroe,7,Employee Referral,Fully Meets,5,4,7,0,8
"Valentin,Jackie",10205,1,1,0,1,6,3,0,57859,0,3,Area Sales Manager,AZ,85006,F,Married,US Citizen,No,Two or more races,N/A-StillEmployed,Active,Sales,John Smith,17,Indeed,Fully Meets,2.81,3,0,0,16
"Veera, Abdellah ",10014,0,2,1,5,5,4,0,58523,1,19,Production Technician I,MA,2171,M ,Divorced,US Citizen,No,White,maternity leave - did not return,Voluntarily Terminated,Production       ,Kissy Sullivan,20,LinkedIn,Exceeds,4.5,5,0,0,15
"Vega, Vincent",10144,0,2,1,1,5,3,0,88976,0,17,Production Manager,MA,2169,M ,Divorced,US Citizen,No,White,N/A-StillEmployed,Active,Production       ,Janet King,2,Employee Referral,Fully Meets,3.93,3,0,0,19
"Villanueva, Noah",10253,0,0,1,1,6,3,0,55875,0,3,Area Sales Manager,ME,4063,M ,Single,US Citizen,No,Asian,N/A-StillEmployed,Active,Sales,John Smith,17,Website,Fully Meets,4.5,4,0,0,11
"Voldemort, Lord",10118,1,1,1,4,3,3,0,113999,1,8,Database Administrator,MA,1960,M ,Married,US Citizen,No,Black or African American,"no-call, no-show",Terminated for Cause,IT/IS,Simon Roup,4,Employee Referral,Fully Meets,4.33,3,7,0,9
"Volk, Colleen",10022,1,1,0,4,5,4,0,49773,1,19,Production Technician I,MA,2747,F,Married,US Citizen,No,White,gross misconduct,Terminated for Cause,Production       ,Kelley Spirea,18,Google Search,Exceeds,4.3,5,0,0,18
"Von Massenbach, Anna",10183,0,0,0,2,5,3,0,62068,0,19,Production Technician I,MA,2124,F,Single,US Citizen,No,White,N/A-StillEmployed,Active,Production       ,Michael Albert,22,LinkedIn,Fully Meets,3.21,3,0,0,7
"Walker, Roger",10190,0,0,1,1,5,3,0,66541,0,20,Production Technician II,MA,2459,M ,Single,US Citizen,No,Black or African American,N/A-StillEmployed,Active,Production       ,Ketsia Liebig,19,Employee Referral,Fully Meets,3.11,5,0,0,4
"Wallace, Courtney  E",10274,1,1,0,5,5,3,1,80512,1,18,Production Manager,MA,2478,F,Married,US Citizen,No,Black or African American,Another position,Voluntarily Terminated,Production       ,Janet King,2,Diversity Job Fair,Fully Meets,4.5,3,0,0,5
"Wallace, Theresa",10293,0,0,0,5,5,2,0,50274,1,19,Production Technician I,MA,1887,F,Single,US Citizen,No,White,career change,Voluntarily Terminated,Production       ,Elijiah Gray,16,CareerBuilder,Needs Improvement,2.5,3,0,6,13
"Wang, Charlie",10172,0,0,1,1,3,3,0,84903,0,22,Senior BI Developer,MA,1887,M ,Single,US Citizen,No,Asian,N/A-StillEmployed,Active,IT/IS,Brian Champaigne,13,Indeed,Fully Meets,3.42,4,7,0,17
"Warfield, Sarah",10127,0,4,0,1,3,3,0,107226,0,28,Sr. Network Engineer,MA,2453,F,Widowed,US Citizen,No,Asian,N/A-StillEmployed,Active,IT/IS,Peter Monroe,7,Employee Referral,Fully Meets,4.2,4,8,0,7
"Whittier, Scott",10072,0,0,1,5,5,3,0,58371,1,19,Production Technician I,MA,2030,M ,Single,US Citizen,Yes,White,hours,Voluntarily Terminated,Production       ,Webster Butler,39,LinkedIn,Fully Meets,5,5,0,0,11
"Wilber, Barry",10048,1,1,1,5,5,3,0,55140,1,19,Production Technician I,MA,2324,M ,Married,Eligible NonCitizen,No,White,unhappy,Voluntarily Terminated,Production       ,Amy Dunn,11,Website,Fully Meets,5,3,0,0,7
"Wilkes, Annie",10204,0,2,0,5,5,3,0,58062,1,19,Production Technician I,MA,1876,F,Divorced,US Citizen,No,White,Another position,Voluntarily Terminated,Production       ,Ketsia Liebig,19,Google Search,Fully Meets,3.6,5,0,0,9
"Williams, Jacquelyn  ",10264,0,0,0,5,5,3,1,59728,1,19,Production Technician I,MA,2109,F,Single,US Citizen,Yes,Black or African American,relocation out of area,Voluntarily Terminated,Production       ,Ketsia Liebig,19,Diversity Job Fair,Fully Meets,4.3,4,0,0,16
"Winthrop, Jordan  ",10033,0,0,1,5,5,4,0,70507,1,20,Production Technician II,MA,2045,M ,Single,US Citizen,No,White,retiring,Voluntarily Terminated,Production       ,Brannon Miller,12,LinkedIn,Exceeds,5,3,0,0,7
"Wolk, Hang  T",10174,0,0,0,1,5,3,0,60446,0,20,Production Technician II,MA,2302,F,Single,US Citizen,No,White,N/A-StillEmployed,Active,Production       ,David Stanley,14,LinkedIn,Fully Meets,3.4,4,0,0,14
"Woodson, Jason",10135,0,0,1,1,5,3,0,65893,0,20,Production Technician II,MA,1810,M ,Single,US Citizen,No,White,N/A-StillEmployed,Active,Production       ,Kissy Sullivan,20,LinkedIn,Fully Meets,4.07,4,0,0,13
"Ybarra, Catherine ",10301,0,0,0,5,5,1,0,48513,1,19,Production Technician I,MA,2458,F,Single,US Citizen,No,Asian,Another position,Voluntarily Terminated,Production       ,Brannon Miller,12,Google Search,PIP,3.2,2,0,5,4
"Zamora, Jennifer",10010,0,0,0,1,3,4,0,220450,0,6,CIO,MA,2067,F,Single,US Citizen,No,White,N/A-StillEmployed,Active,IT/IS,Janet King,2,Employee Referral,Exceeds,4.6,5,6,0,16
"Zhou, Julia",10043,0,0,0,1,3,3,0,89292,0,9,Data Analyst,MA,2148,F,Single,US Citizen,No,White,N/A-StillEmployed,Active,IT/IS,Simon Roup,4,Employee Referral,Fully Meets,5,3,5,0,11
"Zima, Colleen",10271,0,4,0,1,5,3,0,45046,0,19,Production Technician I,MA,1730,F,Widowed,US Citizen,No,Asian,N/A-StillEmployed,Active,Production       ,David Stanley,14,LinkedIn,Fully Meets,4.5,5,0,0,2
